-- phpMyAdmin SQL Dump
-- version 4.5.1
-- http://www.phpmyadmin.net
--
-- Host: 127.0.0.1
-- Generation Time: Nov 02, 2017 at 03:45 AM
-- Server version: 10.1.16-MariaDB
-- PHP Version: 5.5.38

SET SQL_MODE = "NO_AUTO_VALUE_ON_ZERO";
SET time_zone = "+00:00";


/*!40101 SET @OLD_CHARACTER_SET_CLIENT=@@CHARACTER_SET_CLIENT */;
/*!40101 SET @OLD_CHARACTER_SET_RESULTS=@@CHARACTER_SET_RESULTS */;
/*!40101 SET @OLD_COLLATION_CONNECTION=@@COLLATION_CONNECTION */;
/*!40101 SET NAMES utf8mb4 */;

--
-- Database: `circle_of_friends`
--

-- --------------------------------------------------------

--
-- Table structure for table `attendance`
--

CREATE TABLE `attendance` (
  `person_id` int(11) NOT NULL,
  `school_id` int(11) NOT NULL,
  `startyear` varchar(4) DEFAULT NULL,
  `endyear` varchar(4) NOT NULL
) ENGINE=InnoDB DEFAULT CHARSET=latin1;

--
-- Dumping data for table `attendance`
--

INSERT INTO `attendance` (`person_id`, `school_id`, `startyear`, `endyear`) VALUES
(1, 1, NULL, ''),
(1, 18, NULL, ''),
(1, 31, NULL, ''),
(1, 33, NULL, ''),
(1, 36, NULL, ''),
(1, 38, NULL, ''),
(1, 47, NULL, ''),
(2, 4, NULL, ''),
(2, 9, NULL, ''),
(2, 11, NULL, ''),
(2, 17, NULL, ''),
(2, 18, NULL, ''),
(2, 24, NULL, ''),
(2, 25, NULL, ''),
(2, 27, NULL, ''),
(2, 31, NULL, ''),
(2, 39, NULL, ''),
(2, 43, NULL, ''),
(2, 47, NULL, ''),
(3, 10, NULL, ''),
(3, 12, NULL, ''),
(3, 13, NULL, ''),
(3, 15, NULL, ''),
(3, 19, NULL, ''),
(3, 23, NULL, ''),
(3, 25, NULL, ''),
(3, 27, NULL, ''),
(3, 29, NULL, ''),
(3, 37, NULL, ''),
(3, 43, NULL, ''),
(4, 1, NULL, ''),
(4, 4, NULL, ''),
(4, 5, NULL, ''),
(4, 6, NULL, ''),
(4, 9, NULL, ''),
(4, 12, NULL, ''),
(4, 16, NULL, ''),
(4, 18, NULL, ''),
(4, 25, NULL, ''),
(4, 26, NULL, ''),
(4, 27, NULL, ''),
(4, 29, NULL, ''),
(4, 30, NULL, ''),
(4, 32, NULL, ''),
(4, 44, NULL, ''),
(4, 47, NULL, ''),
(5, 3, NULL, ''),
(5, 18, NULL, ''),
(6, 3, NULL, ''),
(6, 5, NULL, ''),
(6, 7, NULL, ''),
(6, 9, NULL, ''),
(6, 19, NULL, ''),
(6, 21, NULL, ''),
(6, 22, NULL, ''),
(6, 39, NULL, ''),
(7, 8, NULL, ''),
(7, 11, NULL, ''),
(7, 21, NULL, ''),
(7, 32, NULL, ''),
(7, 33, NULL, ''),
(7, 38, NULL, ''),
(7, 42, NULL, ''),
(8, 10, NULL, ''),
(8, 11, NULL, ''),
(8, 17, NULL, ''),
(8, 27, NULL, ''),
(8, 33, NULL, ''),
(8, 44, NULL, ''),
(8, 49, NULL, ''),
(9, 18, NULL, ''),
(9, 19, NULL, ''),
(9, 36, NULL, ''),
(9, 39, NULL, ''),
(9, 47, NULL, ''),
(9, 50, NULL, ''),
(10, 4, NULL, ''),
(10, 7, NULL, ''),
(10, 12, NULL, ''),
(10, 13, NULL, ''),
(10, 16, NULL, ''),
(10, 19, NULL, ''),
(10, 20, NULL, ''),
(10, 30, NULL, ''),
(10, 42, NULL, ''),
(10, 43, NULL, ''),
(10, 44, NULL, ''),
(10, 47, NULL, ''),
(11, 3, NULL, ''),
(11, 7, NULL, ''),
(11, 10, NULL, ''),
(11, 17, NULL, ''),
(11, 35, NULL, ''),
(11, 36, NULL, ''),
(11, 45, NULL, ''),
(11, 46, NULL, ''),
(11, 50, NULL, ''),
(12, 4, NULL, ''),
(12, 10, NULL, ''),
(12, 15, NULL, ''),
(12, 28, NULL, ''),
(12, 35, NULL, ''),
(12, 42, NULL, ''),
(13, 10, NULL, ''),
(13, 12, NULL, ''),
(13, 29, NULL, ''),
(13, 32, NULL, ''),
(13, 43, NULL, ''),
(13, 45, NULL, ''),
(13, 49, NULL, ''),
(15, 9, NULL, ''),
(15, 11, NULL, ''),
(15, 16, NULL, ''),
(15, 23, NULL, ''),
(15, 28, NULL, ''),
(15, 44, NULL, ''),
(15, 45, NULL, ''),
(16, 4, NULL, ''),
(16, 6, NULL, ''),
(16, 10, NULL, ''),
(16, 11, NULL, ''),
(16, 19, NULL, ''),
(16, 24, NULL, ''),
(16, 27, NULL, ''),
(16, 36, NULL, ''),
(16, 37, NULL, ''),
(16, 38, NULL, ''),
(16, 45, NULL, ''),
(17, 46, NULL, ''),
(17, 49, NULL, ''),
(18, 9, NULL, ''),
(18, 13, NULL, ''),
(18, 24, NULL, ''),
(18, 29, NULL, ''),
(18, 40, NULL, ''),
(18, 47, NULL, ''),
(19, 17, NULL, ''),
(19, 24, NULL, ''),
(19, 25, NULL, ''),
(19, 29, NULL, ''),
(19, 31, NULL, ''),
(19, 34, NULL, ''),
(19, 44, NULL, ''),
(19, 45, NULL, ''),
(19, 47, NULL, ''),
(20, 8, NULL, ''),
(20, 24, NULL, ''),
(20, 33, NULL, ''),
(21, 10, NULL, ''),
(21, 42, NULL, ''),
(21, 48, NULL, ''),
(22, 2, NULL, ''),
(22, 9, NULL, ''),
(22, 15, NULL, ''),
(22, 17, NULL, ''),
(22, 22, NULL, ''),
(22, 25, NULL, ''),
(22, 27, NULL, ''),
(22, 32, NULL, ''),
(22, 34, NULL, ''),
(22, 42, NULL, ''),
(22, 44, NULL, ''),
(23, 16, NULL, ''),
(23, 21, NULL, ''),
(23, 23, NULL, ''),
(23, 26, NULL, ''),
(23, 29, NULL, ''),
(23, 37, NULL, ''),
(24, 5, NULL, ''),
(24, 6, NULL, ''),
(24, 9, NULL, ''),
(24, 15, NULL, ''),
(24, 32, NULL, ''),
(24, 39, NULL, ''),
(24, 40, NULL, ''),
(24, 45, NULL, ''),
(24, 47, NULL, ''),
(24, 50, NULL, ''),
(25, 2, NULL, ''),
(25, 5, NULL, ''),
(25, 7, NULL, ''),
(25, 9, NULL, ''),
(25, 18, NULL, ''),
(25, 22, NULL, ''),
(25, 32, NULL, ''),
(25, 40, NULL, ''),
(25, 41, NULL, ''),
(25, 46, NULL, ''),
(25, 50, NULL, ''),
(26, 1, NULL, ''),
(26, 21, NULL, ''),
(26, 22, NULL, ''),
(26, 27, NULL, ''),
(26, 43, NULL, ''),
(26, 46, NULL, ''),
(26, 47, NULL, ''),
(27, 1, NULL, ''),
(27, 9, NULL, ''),
(27, 11, NULL, ''),
(27, 15, NULL, ''),
(27, 36, NULL, ''),
(28, 5, NULL, ''),
(28, 6, NULL, ''),
(28, 17, NULL, ''),
(28, 19, NULL, ''),
(28, 21, NULL, ''),
(28, 25, NULL, ''),
(28, 26, NULL, ''),
(28, 29, NULL, ''),
(28, 33, NULL, ''),
(28, 34, NULL, ''),
(28, 41, NULL, ''),
(29, 7, NULL, ''),
(29, 8, NULL, ''),
(29, 12, NULL, ''),
(29, 24, NULL, ''),
(30, 9, NULL, ''),
(30, 18, NULL, ''),
(30, 38, NULL, ''),
(30, 40, NULL, ''),
(30, 41, NULL, ''),
(31, 2, NULL, ''),
(31, 10, NULL, ''),
(31, 11, NULL, ''),
(31, 29, NULL, ''),
(31, 35, NULL, ''),
(31, 36, NULL, ''),
(31, 43, NULL, ''),
(31, 47, NULL, ''),
(32, 1, NULL, ''),
(32, 5, NULL, ''),
(32, 6, NULL, ''),
(32, 17, NULL, ''),
(32, 22, NULL, ''),
(33, 7, NULL, ''),
(33, 19, NULL, ''),
(33, 21, NULL, ''),
(33, 26, NULL, ''),
(33, 34, NULL, ''),
(33, 41, NULL, ''),
(33, 49, NULL, ''),
(34, 10, NULL, ''),
(34, 18, NULL, ''),
(34, 21, NULL, ''),
(34, 37, NULL, ''),
(34, 41, NULL, ''),
(34, 44, NULL, ''),
(34, 45, NULL, ''),
(35, 23, NULL, ''),
(35, 32, NULL, ''),
(35, 33, NULL, ''),
(35, 48, NULL, ''),
(36, 2, NULL, ''),
(36, 12, NULL, ''),
(36, 19, NULL, ''),
(36, 22, NULL, ''),
(36, 23, NULL, ''),
(36, 31, NULL, ''),
(36, 34, NULL, ''),
(36, 47, NULL, ''),
(36, 49, NULL, ''),
(37, 4, NULL, ''),
(37, 12, NULL, ''),
(37, 17, NULL, ''),
(37, 20, NULL, ''),
(37, 25, NULL, ''),
(37, 49, NULL, ''),
(38, 4, NULL, ''),
(38, 8, NULL, ''),
(38, 11, NULL, ''),
(38, 24, NULL, ''),
(38, 48, NULL, ''),
(38, 50, NULL, ''),
(39, 23, NULL, ''),
(39, 25, NULL, ''),
(39, 26, NULL, ''),
(39, 27, NULL, ''),
(39, 32, NULL, ''),
(39, 46, NULL, ''),
(39, 47, NULL, ''),
(40, 13, NULL, ''),
(40, 23, NULL, ''),
(40, 28, NULL, ''),
(40, 44, NULL, ''),
(40, 48, NULL, ''),
(41, 8, NULL, ''),
(41, 16, NULL, ''),
(41, 18, NULL, ''),
(41, 26, NULL, ''),
(41, 39, NULL, ''),
(42, 30, NULL, ''),
(43, 15, NULL, ''),
(43, 32, NULL, ''),
(43, 36, NULL, ''),
(43, 38, NULL, ''),
(43, 45, NULL, ''),
(44, 9, NULL, ''),
(44, 13, NULL, ''),
(44, 15, NULL, ''),
(44, 18, NULL, ''),
(44, 22, NULL, ''),
(44, 25, NULL, ''),
(44, 34, NULL, ''),
(44, 40, NULL, ''),
(44, 45, NULL, ''),
(44, 49, NULL, ''),
(44, 50, NULL, ''),
(45, 2, NULL, ''),
(45, 23, NULL, ''),
(45, 27, NULL, ''),
(45, 32, NULL, ''),
(45, 40, NULL, ''),
(45, 44, NULL, ''),
(46, 14, NULL, ''),
(46, 19, NULL, ''),
(46, 20, NULL, ''),
(46, 32, NULL, ''),
(46, 34, NULL, ''),
(46, 38, NULL, ''),
(46, 46, NULL, ''),
(46, 49, NULL, ''),
(47, 44, NULL, ''),
(48, 18, NULL, ''),
(48, 28, NULL, ''),
(48, 30, NULL, ''),
(48, 35, NULL, ''),
(48, 44, NULL, ''),
(48, 45, NULL, ''),
(48, 50, NULL, ''),
(49, 40, NULL, ''),
(49, 49, NULL, ''),
(50, 5, NULL, ''),
(50, 24, NULL, ''),
(50, 28, NULL, ''),
(50, 42, NULL, ''),
(50, 50, NULL, ''),
(51, 1, NULL, ''),
(51, 16, NULL, ''),
(51, 18, NULL, ''),
(51, 38, NULL, ''),
(52, 1, NULL, ''),
(52, 15, NULL, ''),
(52, 17, NULL, ''),
(52, 21, NULL, ''),
(52, 26, NULL, ''),
(53, 2, NULL, ''),
(53, 6, NULL, ''),
(53, 13, NULL, ''),
(53, 21, NULL, ''),
(53, 29, NULL, ''),
(53, 32, NULL, ''),
(53, 34, NULL, ''),
(54, 9, NULL, ''),
(54, 14, NULL, ''),
(54, 16, NULL, ''),
(54, 26, NULL, ''),
(54, 35, NULL, ''),
(54, 40, NULL, ''),
(54, 48, NULL, ''),
(54, 49, NULL, ''),
(55, 4, NULL, ''),
(55, 6, NULL, ''),
(55, 31, NULL, ''),
(55, 36, NULL, ''),
(56, 4, NULL, ''),
(56, 9, NULL, ''),
(56, 17, NULL, ''),
(56, 21, NULL, ''),
(56, 23, NULL, ''),
(56, 37, NULL, ''),
(56, 46, NULL, ''),
(57, 4, NULL, ''),
(57, 13, NULL, ''),
(57, 23, NULL, ''),
(57, 33, NULL, ''),
(58, 4, NULL, ''),
(58, 10, NULL, ''),
(58, 12, NULL, ''),
(58, 15, NULL, ''),
(58, 24, NULL, ''),
(58, 44, NULL, ''),
(58, 49, NULL, ''),
(59, 16, NULL, ''),
(60, 2, NULL, ''),
(60, 10, NULL, ''),
(60, 25, NULL, ''),
(60, 28, NULL, ''),
(61, 9, NULL, ''),
(61, 11, NULL, ''),
(61, 12, NULL, ''),
(61, 14, NULL, ''),
(61, 16, NULL, ''),
(61, 20, NULL, ''),
(61, 36, NULL, ''),
(61, 50, NULL, ''),
(62, 7, NULL, ''),
(62, 13, NULL, ''),
(62, 27, NULL, ''),
(62, 45, NULL, ''),
(63, 8, NULL, ''),
(63, 42, NULL, ''),
(63, 47, NULL, ''),
(64, 2, NULL, ''),
(64, 23, NULL, ''),
(64, 26, NULL, ''),
(64, 27, NULL, ''),
(64, 35, NULL, ''),
(64, 36, NULL, ''),
(65, 9, NULL, ''),
(65, 12, NULL, ''),
(65, 24, NULL, ''),
(65, 37, NULL, ''),
(65, 38, NULL, ''),
(65, 39, NULL, ''),
(65, 44, NULL, ''),
(66, 3, NULL, ''),
(66, 33, NULL, ''),
(66, 35, NULL, ''),
(66, 40, NULL, ''),
(66, 49, NULL, ''),
(67, 1, NULL, ''),
(67, 13, NULL, ''),
(67, 26, NULL, ''),
(67, 32, NULL, ''),
(68, 8, NULL, ''),
(68, 39, NULL, ''),
(68, 44, NULL, ''),
(69, 16, NULL, ''),
(70, 34, NULL, ''),
(70, 36, NULL, ''),
(70, 46, NULL, ''),
(71, 15, NULL, ''),
(71, 20, NULL, ''),
(71, 22, NULL, ''),
(71, 28, NULL, ''),
(71, 35, NULL, ''),
(71, 39, NULL, ''),
(71, 47, NULL, ''),
(71, 49, NULL, ''),
(72, 8, NULL, ''),
(72, 38, NULL, ''),
(72, 41, NULL, ''),
(73, 9, NULL, ''),
(73, 24, NULL, ''),
(73, 25, NULL, ''),
(73, 40, NULL, ''),
(74, 1, NULL, ''),
(74, 10, NULL, ''),
(74, 14, NULL, ''),
(74, 19, NULL, ''),
(74, 45, NULL, ''),
(75, 8, NULL, ''),
(75, 25, NULL, ''),
(75, 33, NULL, ''),
(76, 23, NULL, ''),
(76, 27, NULL, ''),
(77, 14, NULL, ''),
(77, 15, NULL, ''),
(77, 30, NULL, ''),
(77, 41, NULL, ''),
(77, 46, NULL, ''),
(78, 11, NULL, ''),
(78, 13, NULL, ''),
(78, 25, NULL, ''),
(78, 30, NULL, ''),
(78, 33, NULL, ''),
(78, 34, NULL, ''),
(78, 42, NULL, ''),
(78, 45, NULL, ''),
(78, 48, NULL, ''),
(79, 9, NULL, ''),
(79, 28, NULL, ''),
(79, 36, NULL, ''),
(79, 40, NULL, ''),
(79, 42, NULL, ''),
(79, 50, NULL, ''),
(80, 31, NULL, ''),
(80, 36, NULL, ''),
(80, 42, NULL, ''),
(81, 21, NULL, ''),
(81, 50, NULL, ''),
(83, 3, NULL, ''),
(83, 21, NULL, ''),
(84, 14, NULL, ''),
(84, 17, NULL, ''),
(84, 23, NULL, ''),
(84, 33, NULL, ''),
(84, 36, NULL, ''),
(85, 44, NULL, ''),
(86, 19, NULL, ''),
(86, 21, NULL, ''),
(86, 31, NULL, ''),
(86, 46, NULL, ''),
(87, 24, NULL, ''),
(87, 27, NULL, ''),
(87, 29, NULL, ''),
(88, 3, NULL, ''),
(88, 7, NULL, ''),
(88, 15, NULL, ''),
(88, 20, NULL, ''),
(88, 32, NULL, ''),
(89, 35, NULL, ''),
(90, 4, NULL, ''),
(90, 34, NULL, ''),
(91, 36, NULL, ''),
(92, 6, NULL, ''),
(92, 29, NULL, ''),
(92, 32, NULL, ''),
(92, 35, NULL, ''),
(93, 1, NULL, ''),
(93, 21, NULL, ''),
(93, 26, NULL, ''),
(93, 41, NULL, ''),
(93, 46, NULL, ''),
(93, 48, NULL, ''),
(94, 15, NULL, ''),
(94, 30, NULL, ''),
(94, 40, NULL, ''),
(95, 13, NULL, ''),
(95, 20, NULL, ''),
(95, 26, NULL, ''),
(95, 31, NULL, ''),
(95, 45, NULL, ''),
(96, 9, NULL, ''),
(96, 11, NULL, ''),
(96, 34, NULL, ''),
(96, 48, NULL, ''),
(97, 6, NULL, ''),
(97, 36, NULL, ''),
(98, 8, NULL, ''),
(98, 16, NULL, ''),
(98, 18, NULL, ''),
(98, 29, NULL, ''),
(98, 34, NULL, ''),
(99, 12, NULL, ''),
(99, 17, NULL, ''),
(99, 45, NULL, ''),
(100, 1, NULL, ''),
(100, 5, NULL, ''),
(100, 9, NULL, ''),
(100, 15, NULL, ''),
(100, 18, NULL, ''),
(100, 33, NULL, ''),
(100, 42, NULL, '');

-- --------------------------------------------------------

--
-- Table structure for table `friends`
--

CREATE TABLE `friends` (
  `person1_id` int(11) NOT NULL,
  `person2_id` int(11) NOT NULL
) ENGINE=InnoDB DEFAULT CHARSET=latin1;

--
-- Dumping data for table `friends`
--

INSERT INTO `friends` (`person1_id`, `person2_id`) VALUES
(3, 2),
(4, 2),
(5, 4),
(6, 1),
(6, 4),
(7, 1),
(7, 2),
(7, 3),
(8, 2),
(8, 6),
(10, 1),
(11, 1),
(12, 2),
(13, 3),
(13, 4),
(15, 8),
(16, 2),
(16, 11),
(17, 12),
(18, 4),
(18, 10),
(19, 4),
(19, 6),
(19, 11),
(19, 17),
(21, 16),
(21, 19),
(22, 6),
(22, 16),
(23, 13),
(23, 19),
(23, 22),
(24, 3),
(24, 20),
(25, 10),
(25, 11),
(25, 13),
(25, 16),
(26, 10),
(26, 13),
(27, 18),
(27, 22),
(28, 2),
(28, 4),
(28, 26),
(29, 1),
(30, 10),
(30, 22),
(31, 3),
(31, 11),
(31, 19),
(31, 26),
(32, 25),
(33, 27),
(34, 8),
(36, 7),
(36, 26),
(37, 9),
(37, 31),
(38, 2),
(38, 4),
(38, 12),
(39, 5),
(39, 16),
(40, 1),
(40, 32),
(41, 8),
(41, 12),
(41, 26),
(42, 28),
(43, 9),
(43, 24),
(43, 34),
(44, 7),
(44, 10),
(44, 23),
(44, 36),
(44, 39),
(45, 9),
(45, 28),
(45, 36),
(46, 1),
(46, 33),
(46, 45),
(48, 15),
(48, 34),
(48, 36),
(50, 30),
(50, 44),
(51, 28),
(51, 49),
(52, 35),
(53, 2),
(53, 3),
(53, 29),
(53, 46),
(54, 9),
(54, 10),
(54, 28),
(54, 36),
(55, 22),
(55, 53),
(56, 6),
(56, 15),
(56, 52),
(57, 16),
(57, 22),
(57, 35),
(58, 22),
(58, 29),
(60, 25),
(60, 54),
(61, 3),
(61, 16),
(61, 18),
(62, 38),
(62, 52),
(62, 58),
(63, 4),
(64, 6),
(64, 22),
(65, 6),
(65, 8),
(65, 13),
(65, 32),
(65, 50),
(66, 39),
(66, 58),
(67, 4),
(68, 54),
(68, 56),
(69, 23),
(70, 10),
(70, 34),
(71, 7),
(71, 22),
(71, 64),
(72, 3),
(74, 44),
(75, 12),
(75, 61),
(76, 27),
(77, 47),
(77, 72),
(78, 24),
(78, 46),
(78, 48),
(78, 63),
(78, 65),
(79, 40),
(79, 64),
(79, 71),
(80, 7),
(80, 25),
(80, 36),
(81, 37),
(83, 59),
(84, 40),
(84, 44),
(84, 54),
(85, 48),
(86, 15),
(86, 64),
(87, 20),
(87, 73),
(88, 11),
(88, 19),
(88, 20),
(89, 39),
(90, 41),
(91, 73),
(92, 33),
(92, 74),
(93, 24),
(93, 33),
(93, 55),
(93, 71),
(94, 62),
(94, 71),
(95, 34),
(95, 67),
(95, 74),
(96, 33),
(96, 77),
(97, 15),
(98, 4),
(98, 24),
(98, 73),
(99, 1),
(99, 49),
(100, 13),
(100, 36),
(100, 66),
(100, 79);

-- --------------------------------------------------------

--
-- Table structure for table `school_info`
--

CREATE TABLE `school_info` (
  `school_id` int(11) NOT NULL,
  `schoolname` varchar(40) NOT NULL,
  `schoollocation` varchar(50) NOT NULL
) ENGINE=InnoDB DEFAULT CHARSET=latin1;

--
-- Dumping data for table `school_info`
--

INSERT INTO `school_info` (`school_id`, `schoolname`, `schoollocation`) VALUES
(1, 'Oyster Harbour Elementary', 'New Zealand'),
(2, 'Summit School  ', 'United Kingdom'),
(3, 'Promise Secondary School', 'New Zealand'),
(4, 'Harbor View Kindergarten', 'Australia'),
(5, 'Einstein Technical School', 'United Kingdom'),
(6, 'Greenfield Technical School', 'United States'),
(7, 'Grandview Academy', 'United States'),
(8, 'Storm Coast School of Fine Arts', 'Australia'),
(9, 'Westside Secondary School', 'United States'),
(10, 'Elk Valley Charter School', 'United States'),
(11, 'Golden Valley High', 'United Kingdom'),
(12, 'Holy Oaks College', 'United States'),
(13, 'Whitewater High School', 'New Zealand'),
(14, 'Pleasant Valley College', 'United Kingdom'),
(15, 'Lone Oak Institute', 'United Kingdom'),
(16, 'Oakleaf School  ', 'United States'),
(17, 'Oakland High', 'Australia'),
(18, 'Marie Curie School  ', 'New Zealand'),
(19, 'Forest Lake School  ', 'New Zealand'),
(20, 'Lincoln High', 'United Kingdom'),
(21, 'Westwood College', 'Australia'),
(22, 'Golden Sierra School  ', 'United States'),
(23, 'Granite Bay College', 'Australia'),
(24, 'Ridgeview School  ', 'Australia'),
(25, 'Bear Mountain School  ', 'New Zealand'),
(26, 'Lincoln University', 'Australia'),
(27, 'Westwood High School', 'Australia'),
(28, 'Timber Creek Technical School', 'Australia'),
(29, 'Village Charter School', 'United States'),
(30, 'Westside Grammar School', 'United States'),
(31, 'Willow Park Charter School', 'Australia'),
(32, 'South Fork Grammar School', 'United Kingdom'),
(33, 'Faraday Elementary', 'Australia'),
(34, 'Westside Kindergarten', 'New Zealand'),
(35, 'Valley View College', 'United Kingdom'),
(36, 'Spring Gardens Secondary School', 'Australia'),
(37, 'Edgewater Kindergarten', 'United States'),
(38, 'White Mountain University', 'United Kingdom'),
(39, 'Millenium Secondary School', 'Australia'),
(40, 'Valley View High School', 'United States'),
(41, 'Laguna Bay University', 'United States'),
(42, 'Upper Lake School', 'Australia'),
(43, 'Green Meadows University', 'United States'),
(44, 'Oak Grove Grammar School', 'Australia'),
(45, 'Skyline Technical School', 'Australia'),
(46, 'Enterprise College', 'United States'),
(47, 'Upper Lake Elementary', 'New Zealand'),
(48, 'Spring Hill Charter School', 'United States'),
(49, 'Pinewood Conservatory', 'New Zealand'),
(50, 'Big Valley School  ', 'Australia');

-- --------------------------------------------------------

--
-- Table structure for table `user_info`
--

CREATE TABLE `user_info` (
  `person_id` int(11) NOT NULL,
  `firstname` varchar(20) NOT NULL,
  `lastname` varchar(20) NOT NULL,
  `dateofbirth` varchar(10) NOT NULL,
  `email` varchar(40) DEFAULT NULL,
  `emaildisplay` varchar(1) NOT NULL
) ENGINE=InnoDB DEFAULT CHARSET=latin1;

--
-- Dumping data for table `user_info`
--

INSERT INTO `user_info` (`person_id`, `firstname`, `lastname`, `dateofbirth`, `email`, `emaildisplay`) VALUES
(1, 'Ester', 'Bellefant', '2001-08-04', 'ebellefant0@mashable.com', 'Y'),
(2, 'Sarge', 'Bullock', '2000-05-01', 'sbullock1@ft.com', 'Y'),
(3, 'Sheila-kathryn', 'Fussen', '1997-12-04', 'sfussen2@themeforest.net', 'N'),
(4, 'Jephthah', 'Lovatt', '2001-04-05', 'jlovatt3@tamu.edu', 'Y'),
(5, 'Vin', 'Camell', '1996-02-24', 'vcamell4@illinois.edu', 'Y'),
(6, 'Dannel', 'Duligal', '2002-06-22', 'dduligal5@msu.edu', 'N'),
(7, 'Davidson', 'Sicily', '1996-12-06', 'dsicily6@printfriendly.com', 'Y'),
(8, 'Terencio', 'Longina', '2000-03-23', 'tlongina7@epa.gov', 'Y'),
(9, 'Maren', 'Whitloe', '1997-12-19', 'mwhitloe8@loc.gov', 'N'),
(10, 'Tudor', 'Bramhill', '2000-12-01', 'tbramhill9@mlb.com', 'Y'),
(11, 'Corrina', 'Morphet', '1996-05-23', 'cmorpheta@github.io', 'Y'),
(12, 'Nani', 'Slingsby', '1996-01-06', 'nslingsbyb@huffingtonpost.com', 'Y'),
(13, 'Kathie', 'Arnaut', '2001-07-06', 'karnautc@jiathis.com', 'Y'),
(14, 'Rhianna', 'Yankin', '1996-12-05', 'ryankind@rambler.ru', 'Y'),
(15, 'Nicolle', 'Danilchik', '1998-11-20', 'ndanilchike@gizmodo.com', 'Y'),
(16, 'Clemmie', 'Kalinsky', '1997-03-05', 'ckalinskyf@cnn.com', 'N'),
(17, 'Una', 'Lawles', '1996-09-18', 'ulawlesg@icq.com', 'Y'),
(18, 'Shalna', 'Gonsalvo', '1999-04-08', 'sgonsalvoh@taobao.com', 'N'),
(19, 'Ade', 'Justis', '1998-02-04', 'ajustisi@pagesperso-orange.fr', 'Y'),
(20, 'Sammy', 'Charley', '1999-05-23', 'scharleyj@abc.net.au', 'Y'),
(21, 'Ariadne', 'Yalden', '1997-09-26', 'ayaldenk@histats.com', 'N'),
(22, 'Tedi', 'Catonnet', '1996-10-31', 'tcatonnetl@rakuten.co.jp', 'N'),
(23, 'Salmon', 'Roman', '2002-01-01', 'sromanm@reverbnation.com', 'Y'),
(24, 'Donnell', 'Larman', '1999-07-18', 'dlarmann@phpbb.com', 'N'),
(25, 'Olivier', 'Tissell', '1997-06-18', 'otissello@comcast.net', 'Y'),
(26, 'Arlen', 'Tout', '2000-08-19', 'atoutp@latimes.com', 'Y'),
(27, 'Alphard', 'Callaby', '1998-01-06', 'acallabyq@barnesandnoble.com', 'N'),
(28, 'Beilul', 'Gasticke', '2001-04-06', 'bgasticker@answers.com', 'N'),
(29, 'Byrann', 'Grimstead', '1999-04-29', 'bgrimsteads@privacy.gov.au', 'N'),
(30, 'Boy', 'Wigley', '2001-12-26', 'bwigleyt@jimdo.com', 'N'),
(31, 'Gene', 'Popworth', '1998-04-23', 'gpopworthu@miitbeian.gov.cn', 'Y'),
(32, 'Ravid', 'Larkins', '1997-02-03', 'rlarkinsv@netscape.com', 'N'),
(33, 'Cherin', 'Szymaniak', '2000-03-25', 'cszymaniakw@opensource.org', 'Y'),
(34, 'Malvin', 'McTerry', '2000-10-14', 'mmcterryx@amazon.de', 'N'),
(35, 'Mabel', 'Bagehot', '1996-06-29', 'mbagehoty@weather.com', 'N'),
(36, 'Micky', 'Sanches', '2001-10-17', 'msanchesz@google.ru', 'N'),
(37, 'Johanna', 'Berthod', '1996-04-11', 'jberthod10@example.com', 'Y'),
(38, 'Camey', 'Kendrew', '2002-04-21', 'ckendrew11@accuweather.com', 'N'),
(39, 'Catlee', 'Amesbury', '2000-12-19', 'camesbury12@i2i.jp', 'N'),
(40, 'Ellwood', 'Morl', '1996-07-31', 'emorl13@cdc.gov', 'N'),
(41, 'Huberto', 'Lyptrade', '1999-04-24', 'hlyptrade14@princeton.edu', 'Y'),
(42, 'Suki', 'Boniface', '2000-06-16', 'sboniface15@amazon.co.jp', 'Y'),
(43, 'Hobey', 'Colqueran', '2001-02-12', 'hcolqueran16@loc.gov', 'Y'),
(44, 'Jaclin', 'Gheorghe', '1998-11-13', 'jgheorghe17@army.mil', 'N'),
(45, 'Liane', 'Kleinhausen', '1998-03-02', 'lkleinhausen18@zdnet.com', 'N'),
(46, 'Shandee', 'Leyes', '1999-07-06', 'sleyes19@dmoz.org', 'Y'),
(47, 'Free', 'Simison', '2000-08-11', 'fsimison1a@zdnet.com', 'Y'),
(48, 'Danya', 'Sager', '2000-12-27', 'dsager1b@ft.com', 'N'),
(49, 'Giffie', 'Kilroy', '1997-11-01', 'gkilroy1c@patch.com', 'N'),
(50, 'Cirillo', 'Awdry', '1996-04-15', 'cawdry1d@springer.com', 'Y'),
(51, 'Fifi', 'Sapp', '2002-04-18', 'fsapp1e@who.int', 'Y'),
(52, 'Irene', 'Gaynor', '2000-08-30', 'igaynor1f@shinystat.com', 'N'),
(53, 'Sanders', 'Skirving', '1998-03-31', 'sskirving1g@uol.com.br', 'Y'),
(54, 'Marijo', 'Salerg', '2002-06-03', 'msalerg1h@cnbc.com', 'N'),
(55, 'Loise', 'Halcro', '1997-03-19', 'lhalcro1i@umich.edu', 'Y'),
(56, 'Janene', 'Towe', '1996-11-02', 'jtowe1j@utexas.edu', 'Y'),
(57, 'Norry', 'Glenwright', '1999-02-16', 'nglenwright1k@shutterfly.com', 'Y'),
(58, 'Winifred', 'Inger', '2001-01-13', 'winger1l@hp.com', 'Y'),
(59, 'Nissie', 'Mechem', '1999-05-28', 'nmechem1m@dyndns.org', 'N'),
(60, 'Kalli', 'Lampbrecht', '1996-04-09', 'klampbrecht1n@sourceforge.net', 'N'),
(61, 'Sheelagh', 'Pullin', '1998-04-29', 'spullin1o@pinterest.com', 'Y'),
(62, 'Yorke', 'Werendell', '1997-12-06', 'ywerendell1p@seattletimes.com', 'N'),
(63, 'Ninette', 'Radnedge', '1997-03-20', 'nradnedge1q@google.com.br', 'N'),
(64, 'Mabelle', 'Kellington', '2000-01-31', 'mkellington1r@qq.com', 'N'),
(65, 'Gilli', 'Demschke', '1997-04-10', 'gdemschke1s@bing.com', 'N'),
(66, 'Monti', 'Rudolf', '2001-06-02', 'mrudolf1t@merriam-webster.com', 'N'),
(67, 'Derril', 'Masterton', '1999-12-10', 'dmasterton1u@arizona.edu', 'N'),
(68, 'Gilberte', 'Aphale', '2001-09-03', 'gaphale1v@youtu.be', 'Y'),
(69, 'Jillayne', 'Vaar', '1996-11-16', 'jvaar1w@mayoclinic.com', 'N'),
(70, 'Abram', 'Elgie', '2001-07-18', 'aelgie1x@wp.com', 'Y'),
(71, 'Evanne', 'MacBean', '1998-02-05', 'emacbean1y@ycombinator.com', 'N'),
(72, 'Morgan', 'Hughs', '2002-02-28', 'mhughs1z@163.com', 'N'),
(73, 'Micki', 'Fosh', '2001-12-10', 'mfosh20@newsvine.com', 'Y'),
(74, 'Rosy', 'Budgey', '2001-12-27', 'rbudgey21@npr.org', 'Y'),
(75, 'Leon', 'Rout', '1999-06-28', 'lrout22@paginegialle.it', 'N'),
(76, 'Aundrea', 'Hotton', '1996-07-27', 'ahotton23@cbsnews.com', 'N'),
(77, 'Jasmin', 'Filippone', '2001-03-13', 'jfilippone24@nasa.gov', 'Y'),
(78, 'Inesita', 'Allbut', '2000-01-03', 'iallbut25@facebook.com', 'N'),
(79, 'Page', 'Titmus', '2000-04-02', 'ptitmus26@google.ca', 'Y'),
(80, 'Louisette', 'Allonby', '2000-10-21', 'lallonby27@51.la', 'Y'),
(81, 'Lolita', 'Abrahim', '2000-06-14', 'labrahim28@springer.com', 'N'),
(82, 'Newton', 'Cowope', '1998-12-06', 'ncowope29@live.com', 'N'),
(83, 'Orrin', 'Trusler', '1997-08-09', 'otrusler2a@homestead.com', 'Y'),
(84, 'Chane', 'Jeary', '2002-03-16', 'cjeary2b@parallels.com', 'N'),
(85, 'Ernestine', 'Blacklawe', '2002-06-18', 'eblacklawe2c@microsoft.com', 'Y'),
(86, 'Ranna', 'Fells', '2002-09-30', 'rfells2d@twitter.com', 'N'),
(87, 'Mirabella', 'Zamora', '2001-05-08', 'mzamora2e@fotki.com', 'N'),
(88, 'Muriel', 'Dounbare', '1999-05-20', 'mdounbare2f@twitter.com', 'N'),
(89, 'Gery', 'Beardsley', '2002-06-30', 'gbeardsley2g@google.com.br', 'Y'),
(90, 'Jessey', 'Blas', '2000-05-12', 'jblas2h@fotki.com', 'N'),
(91, 'Lurette', 'Minnis', '1998-11-30', 'lminnis2i@stumbleupon.com', 'N'),
(92, 'Lanny', 'Gamwell', '1999-03-11', 'lgamwell2j@stanford.edu', 'Y'),
(93, 'Lulita', 'Orgel', '1998-09-23', 'lorgel2k@t-online.de', 'Y'),
(94, 'Sergei', 'Keeltagh', '2001-07-27', 'skeeltagh2l@pagesperso-orange.fr', 'Y'),
(95, 'Ewen', 'Pagden', '2000-08-31', 'epagden2m@eepurl.com', 'N'),
(96, 'Hendrik', 'Cadden', '2002-03-26', 'hcadden2n@who.int', 'Y'),
(97, 'Danielle', 'Howick', '1997-08-12', 'dhowick2o@homestead.com', 'N'),
(98, 'Chan', 'Espin', '2001-07-30', 'cespin2p@nps.gov', 'N'),
(99, 'Mercy', 'Rhule', '2001-03-18', 'mrhule2q@nbcnews.com', 'Y'),
(100, 'Margeaux', 'Adlem', '1997-12-20', 'madlem2r@hubpages.com', 'Y'),
(101, 'Fred', 'Nurk', '20000101', 'fnurk@GMAIL.COM', 'Y');

--
-- Indexes for dumped tables
--

--
-- Indexes for table `attendance`
--
ALTER TABLE `attendance`
  ADD PRIMARY KEY (`person_id`,`school_id`);

--
-- Indexes for table `friends`
--
ALTER TABLE `friends`
  ADD UNIQUE KEY `person1_id` (`person1_id`,`person2_id`);

--
-- Indexes for table `school_info`
--
ALTER TABLE `school_info`
  ADD PRIMARY KEY (`school_id`);

--
-- Indexes for table `user_info`
--
ALTER TABLE `user_info`
  ADD PRIMARY KEY (`person_id`);

/*!40101 SET CHARACTER_SET_CLIENT=@OLD_CHARACTER_SET_CLIENT */;
/*!40101 SET CHARACTER_SET_RESULTS=@OLD_CHARACTER_SET_RESULTS */;
/*!40101 SET COLLATION_CONNECTION=@OLD_COLLATION_CONNECTION */;
